{"branches": 29.20353982300885, "coverage": 46.29944188303809}