{"branches": 32.78688524590164, "coverage": 54.04544796642061}