{"branches": 92.5925925925926, "coverage": 90.8315565031983}