{"branches": 34.4059405940594, "coverage": 53.5024154589372}