{"branches": 59.43396226415094, "coverage": 79.87126974839087}