{"branches": 84.84848484848484, "coverage": 87.84810126582279}