{"branches": 92.85714285714286, "coverage": 90.4950495049505}