{"branches": 92.85714285714286, "coverage": 86.38132295719845}