{"branches": 35.03787878787879, "coverage": 48.82690564897795}