{"branches": 33.992805755395686, "coverage": 48.325074331020815}