{"branches": 48.73096446700508, "coverage": 66.44872677219546}