{"branches": 38.923395445134574, "coverage": 49.11931535476167}