{"branches": 29.289940828402365, "coverage": 46.3031871865394}