{"branches": 35.440613026819925, "coverage": 49.44222699826016}