{"branches": 37.333333333333336, "coverage": 51.34291068082448}