{"branches": 92.85714285714286, "coverage": 86.71726755218216}