{"branches": 37.367303609341825, "coverage": 48.367862556846895}