{"branches": 48.82629107981221, "coverage": 67.49371859296483}