{"branches": 50.259067357512954, "coverage": 72.13855421686746}