{"branches": 35.85271317829458, "coverage": 49.65121050471892}