{"branches": 36.771300448430495, "coverage": 53.3219968419774}