{"branches": 35.215053763440864, "coverage": 54.2205534696148}