{"branches": 42.435424354243544, "coverage": 54.205160879260916}