{"branches": 31.948881789137378, "coverage": 48.15668202764977}