{"branches": 48.67724867724868, "coverage": 66.35578583765113}