{"branches": 33.60655737704918, "coverage": 54.36387320885802}