{"branches": 50.898203592814376, "coverage": 71.84265010351967}