{"branches": 35.30534351145038, "coverage": 48.92543638381596}