{"branches": 30.83832335329341, "coverage": 47.27412995028287}