{"branches": 37.68115942028986, "coverage": 53.96387355745108}