{"branches": 48.743718592964825, "coverage": 65.14790887453246}