{"branches": 33.12101910828025, "coverage": 44.34219840226514}